2,17468.275,29750.170,35289.551,30291.524,35183.278,31019.143,35226.232,0.000,0.000,0.000,0.000,0.000,0.000,19927.505,37904.864,17641.742,35269.217,17692.948,35278.053,33640.664,39700.127,32713.675,40011.542,34671.804,40126.420,0.000,0.000,0.000,0.000,0.000,0.000,21973.737,41678.425,20225.951,40336.421,20269.864,40446.277,87756.841,92445.896,92725.559,97642.315,80147.561,97501.352,0.000,0.000,0.000,0.000,0.000,0.000,49666.354,98933.337,49006.157,97791.902,48959.193,97610.844,17767.829,23476.234,25583.447,24199.206,25535.673,23823.202,25541.800,0.000,0.000,0.000,0.000,0.000,0.000,18390.558,26169.903,17785.562,25388.307,17809.907,25460.457,28859.877,29401.266,28553.042,29642.734,26083.759,29632.071,0.000,0.000,0.000,0.000,0.000,0.000,20980.516,30536.920,20350.895,29641.812,20388.313,29719.749,77434.784,89515.262,74460.745,82908.431,71505.819,82815.302,0.000,0.000,0.000,0.000,0.000,0.000,49397.509,83571.487,49021.415,82951.172,48955.090,82843.016,7594.688,22512.955,25462.682,19676.323,25496.523,23663.916,25534.029,0.000,0.000,0.000,0.000,0.000,0.000,8022.849,26508.354,7735.752,25637.723,7720.024,25536.829,26955.205,29305.812,25983.304,29504.564,26040.414,29716.289,0.000,0.000,0.000,0.000,0.000,0.000,9796.578,30783.071,9417.876,29688.942,9436.470,29751.721,62891.625,82798.774,62615.394,82652.306,70301.811,82734.084,0.000,0.000,0.000,0.000,0.000,0.000,38295.092,83561.553,34102.343,82939.300,34050.194,82816.723,7595.028,14581.002,15428.772,12542.715,15435.299,14749.422,15332.289,0.000,0.000,0.000,0.000,0.000,0.000,8321.221,16237.669,7652.099,15281.766,7719.150,15365.298,17262.844,18679.484,17315.671,18753.551,18042.150,18765.384,0.000,0.000,0.000,0.000,0.000,0.000,9739.616,19320.710,9478.107,18757.888,9466.243,18758.925,65580.194,67844.508,56585.394,67813.680,58739.758,67733.629,0.000,0.000,0.000,0.000,0.000,0.000,36261.489,67965.499,33965.298,67722.727,34201.816,67834.528
4,8871.769,15930.008,17990.435,13625.139,17967.312,15999.638,18018.154,0.000,0.000,0.000,0.000,0.000,0.000,9270.159,18514.232,8963.125,17899.414,9017.127,17933.347,19058.414,20329.129,18534.259,20419.023,19513.429,20442.790,0.000,0.000,0.000,0.000,0.000,0.000,10733.422,20934.392,10319.832,20561.560,10339.304,20582.692,40912.566,47533.075,39769.149,48879.903,46442.467,48917.187,0.000,0.000,0.000,0.000,0.000,0.000,24903.994,49721.189,24624.837,49141.368,24602.378,49100.083,8952.588,12890.560,12942.146,12879.677,12933.456,12785.257,12936.037,0.000,0.000,0.000,0.000,0.000,0.000,9546.664,13630.052,9017.447,12895.747,9023.799,12895.005,14768.383,14983.754,14510.517,15085.146,14749.563,15115.119,0.000,0.000,0.000,0.000,0.000,0.000,10878.529,15543.585,10398.276,15137.144,10427.610,15166.760,37856.633,44272.875,38038.394,41569.668,40805.607,41569.652,0.000,0.000,0.000,0.000,0.000,0.000,25503.698,41874.490,24552.855,41513.513,24548.707,41502.168,3846.686,11006.498,12886.719,9516.185,12889.386,12052.188,12863.009,0.000,0.000,0.000,0.000,0.000,0.000,4440.503,13527.179,3938.508,12941.752,3974.911,12982.897,14602.403,15121.146,13372.745,15119.528,14148.835,15180.290,0.000,0.000,0.000,0.000,0.000,0.000,5182.825,15575.262,4891.311,15251.546,4881.904,15246.264,37397.743,41494.173,33563.433,41456.515,37306.067,41500.431,0.000,0.000,0.000,0.000,0.000,0.000,18287.619,41949.247,17128.694,41685.148,17173.514,41631.751,3847.789,7478.246,7782.698,7634.593,7801.044,7386.489,7783.327,0.000,0.000,0.000,0.000,0.000,0.000,4074.152,8109.122,3899.283,7763.905,3899.661,7766.515,9131.733,9678.758,9084.891,9739.590,9276.571,9728.167,0.000,0.000,0.000,0.000,0.000,0.000,5081.529,9994.187,4922.538,9791.370,4927.597,9809.849,33076.326,34251.788,31249.952,34190.772,33048.883,34252.153,0.000,0.000,0.000,0.000,0.000,0.000,17134.140,34276.482,17132.410,34198.269,17131.793,34215.410
6,6000.169,10378.785,12191.071,9595.255,12133.418,9238.729,12114.663,0.000,0.000,0.000,0.000,0.000,0.000,6547.049,13020.781,6082.880,12150.818,6093.735,12163.497,12691.180,13827.990,13136.360,13883.586,12770.565,13911.670,0.000,0.000,0.000,0.000,0.000,0.000,7339.682,14630.628,7085.358,14115.926,7099.252,14169.621,23302.907,31643.496,27208.078,32293.773,28339.681,32318.260,0.000,0.000,0.000,0.000,0.000,0.000,16392.748,32815.498,16170.184,32381.237,16140.533,32336.854,6061.301,8784.447,8786.512,8791.149,8794.392,8767.847,8770.468,0.000,0.000,0.000,0.000,0.000,0.000,6644.365,9476.420,6134.048,8772.321,6133.919,8767.305,10234.177,10272.385,10264.122,10337.332,10340.631,10344.600,0.000,0.000,0.000,0.000,0.000,0.000,7393.476,10746.164,7117.042,10357.129,7167.950,10440.672,26102.005,29478.280,27500.198,27510.179,26842.373,27483.232,0.000,0.000,0.000,0.000,0.000,0.000,16392.030,27891.452,16131.906,27548.264,16151.591,27573.045,2600.343,7901.094,8723.977,3120.501,8792.980,7706.071,8724.554,0.000,0.000,0.000,0.000,0.000,0.000,2935.394,9376.760,2686.671,8799.800,2676.370,8782.971,7489.670,10279.488,7860.489,10360.930,7807.283,10365.703,0.000,0.000,0.000,0.000,0.000,0.000,3500.763,10838.222,3414.128,10494.294,3394.109,10464.153,24415.856,27492.975,21358.024,27474.860,20379.325,27490.327,0.000,0.000,0.000,0.000,0.000,0.000,11516.747,27876.294,11452.105,27627.514,11463.930,27627.906,2602.263,5250.237,5281.910,5224.267,5284.333,5159.137,5273.699,0.000,0.000,0.000,0.000,0.000,0.000,2870.518,5655.345,2659.860,5290.119,2669.303,5292.571,6560.247,6724.928,6577.597,6724.669,6538.945,6734.110,0.000,0.000,0.000,0.000,0.000,0.000,3501.606,6848.120,3416.526,6783.524,3434.408,6803.676,21572.667,22927.322,21417.006,22770.849,22005.014,22818.278,0.000,0.000,0.000,0.000,0.000,0.000,11454.395,22846.294,11427.058,22779.062,11432.561,22786.719
8,4482.048,8128.252,9123.297,8125.053,9082.865,8371.699,9085.163,0.000,0.000,0.000,0.000,0.000,0.000,4860.769,9470.112,4580.891,9126.914,4570.797,9119.420,9438.708,10431.765,10004.761,10489.146,9793.616,10503.980,0.000,0.000,0.000,0.000,0.000,0.000,5473.973,10767.403,5350.455,10620.924,5353.711,10621.914,21321.960,23142.169,21851.781,23562.579,21804.445,23559.964,0.000,0.000,0.000,0.000,0.000,0.000,11950.784,23765.340,11836.407,23560.743,11873.571,23582.881,4527.805,6603.723,6638.109,6634.906,6637.780,6636.699,6640.036,0.000,0.000,0.000,0.000,0.000,0.000,4785.032,6881.706,4605.503,6616.718,4609.990,6624.703,7839.822,7842.617,7889.074,7892.333,7891.034,7894.025,0.000,0.000,0.000,0.000,0.000,0.000,5484.941,8048.492,5389.085,7914.376,5383.815,7909.432,20179.306,21966.158,20128.366,20316.006,19809.288,20362.390,0.000,0.000,0.000,0.000,0.000,0.000,12143.991,20628.092,11818.700,20400.952,11827.739,20433.472,1977.969,5876.061,6578.739,2141.241,6624.972,5914.358,6578.736,0.000,0.000,0.000,0.000,0.000,0.000,2150.636,6950.827,2074.412,6693.375,2065.031,6643.855,7162.154,7801.584,7264.702,7856.244,7495.173,7864.480,0.000,0.000,0.000,0.000,0.000,0.000,2740.262,8142.989,2638.034,7984.983,2635.073,7986.501,17468.419,20323.880,16306.857,20285.211,15312.168,20309.490,0.000,0.000,0.000,0.000,0.000,0.000,8771.841,20639.813,8718.457,20479.220,8714.961,20472.225,1979.366,3911.127,4038.480,3563.624,4040.774,3866.368,4032.787,0.000,0.000,0.000,0.000,0.000,0.000,2147.053,4235.012,2046.067,4054.577,2046.922,4054.661,5098.724,5187.207,5051.232,5199.262,5065.274,5203.042,0.000,0.000,0.000,0.000,0.000,0.000,2726.647,5363.336,2652.498,5252.061,2663.804,5262.647,16089.792,17342.341,16537.647,17305.816,16380.573,17299.038,0.000,0.000,0.000,0.000,0.000,0.000,8769.920,17402.766,8753.304,17325.309,8732.446,17307.618
10,3604.183,6635.679,7360.207,6763.267,7310.473,6157.746,7314.662,0.000,0.000,0.000,0.000,0.000,0.000,4052.166,7977.647,3704.375,7388.568,3696.930,7360.539,8016.517,8513.288,8225.955,8540.341,8079.084,8561.879,0.000,0.000,0.000,0.000,0.000,0.000,4395.260,8719.437,4372.619,8692.606,4385.884,8705.025,16872.570,18174.794,17219.084,18374.415,17572.607,18388.626,0.000,0.000,0.000,0.000,0.000,0.000,9500.280,18539.685,9251.761,18418.780,9272.659,18428.815,3644.300,5356.972,5373.820,5360.960,5364.554,5356.866,5359.389,0.000,0.000,0.000,0.000,0.000,0.000,4020.640,5718.465,3726.407,5372.248,3733.846,5378.957,6582.111,6615.673,6526.900,6530.048,6508.537,6511.550,0.000,0.000,0.000,0.000,0.000,0.000,4463.700,6597.255,4412.921,6549.710,4412.853,6550.224,16045.461,17437.568,15724.194,16320.565,16105.261,16343.583,0.000,0.000,0.000,0.000,0.000,0.000,9306.363,16345.038,9249.741,16279.280,9260.073,16268.808,1616.203,4791.421,5324.812,1700.729,5436.512,4866.116,5308.202,0.000,0.000,0.000,0.000,0.000,0.000,1813.575,5608.628,1686.132,5385.595,1708.607,5398.357,5510.318,6379.292,6040.486,6416.462,6178.959,6424.039,0.000,0.000,0.000,0.000,0.000,0.000,2330.356,6682.265,2215.507,6548.631,2216.030,6541.390,14656.940,16070.153,15263.921,16068.902,15551.569,16079.511,0.000,0.000,0.000,0.000,0.000,0.000,7193.773,16311.329,6998.273,16191.672,6998.020,16191.178,1606.192,3200.012,3290.845,1844.908,3301.513,3223.250,3287.930,0.000,0.000,0.000,0.000,0.000,0.000,1764.243,3489.116,1677.908,3333.563,1684.329,3322.728,4205.029,4290.621,4099.743,4303.825,4233.335,4299.506,0.000,0.000,0.000,0.000,0.000,0.000,2281.616,4439.005,2232.000,4356.968,2226.870,4353.576,12997.107,13917.280,12936.142,13855.074,13191.609,13905.454,0.000,0.000,0.000,0.000,0.000,0.000,6993.542,13976.601,6977.555,13921.895,7006.478,13955.856
12,3150.646,5797.289,6438.843,3815.565,6445.041,5875.457,6406.882,0.000,0.000,0.000,0.000,0.000,0.000,3453.137,6795.794,3257.040,6483.587,3260.483,6476.482,6596.479,7428.927,6936.365,7463.625,6602.580,7470.850,0.000,0.000,0.000,0.000,0.000,0.000,3949.028,7758.380,3824.838,7602.611,3834.641,7600.421,14510.371,15492.487,14455.626,15639.320,14563.889,15623.177,0.000,0.000,0.000,0.000,0.000,0.000,8113.615,15885.281,7878.329,15700.115,7880.587,15683.427,3183.456,4668.562,4671.416,4662.920,4672.449,4662.507,4671.126,0.000,0.000,0.000,0.000,0.000,0.000,3518.318,5002.725,3287.933,4701.623,3283.688,4694.331,5568.673,5588.352,5616.400,5619.683,5616.995,5619.629,0.000,0.000,0.000,0.000,0.000,0.000,3956.586,5824.249,3845.116,5679.120,3851.917,5683.277,13601.203,14636.615,13306.774,13729.647,13310.786,13734.434,0.000,0.000,0.000,0.000,0.000,0.000,8016.765,13836.942,7882.029,13765.371,7884.329,13772.286,1378.649,4414.201,4634.717,1521.550,4695.666,4448.012,4641.505,0.000,0.000,0.000,0.000,0.000,0.000,1578.695,4855.201,1472.539,4698.824,1487.525,4710.493,5097.745,5560.770,4955.114,5590.584,5273.340,5586.791,0.000,0.000,0.000,0.000,0.000,0.000,1944.434,5762.797,1899.633,5709.607,1903.062,5699.500,13286.012,13593.539,12490.440,13594.225,12392.858,13628.706,0.000,0.000,0.000,0.000,0.000,0.000,6167.175,13829.854,5901.528,13743.742,5890.376,13728.476,1379.816,2811.795,2835.691,1554.969,2856.504,2774.575,2838.230,0.000,0.000,0.000,0.000,0.000,0.000,1526.017,2992.114,1450.769,2862.906,1457.698,2871.630,3712.400,3720.158,3622.284,3729.951,3579.183,3736.013,0.000,0.000,0.000,0.000,0.000,0.000,1959.321,3865.929,1910.305,3770.668,1916.157,3776.271,11318.462,11681.108,10936.024,11654.976,11488.420,11635.558,0.000,0.000,0.000,0.000,0.000,0.000,5965.024,11753.207,5872.615,11693.997,5868.754,11690.036
14,2717.597,5074.213,5565.019,3673.099,5538.990,5059.264,5530.124,0.000,0.000,0.000,0.000,0.000,0.000,3086.204,6038.838,2830.607,5623.994,2833.741,5618.709,5592.008,6434.191,6117.386,6460.346,5947.450,6469.497,0.000,0.000,0.000,0.000,0.000,0.000,3386.049,6657.714,3328.603,6609.531,3323.037,6590.028,12054.630,13026.268,11872.210,13148.655,12506.946,13148.843,0.000,0.000,0.000,0.000,0.000,0.000,6653.796,13292.876,6610.453,13191.209,6614.745,13194.448,2754.255,4080.180,4110.018,4034.467,4100.091,4093.199,4095.480,0.000,0.000,0.000,0.000,0.000,0.000,2971.215,4285.551,2842.994,4125.514,2840.007,4119.810,4912.376,4936.126,4957.744,4960.544,4963.025,4965.114,0.000,0.000,0.000,0.000,0.000,0.000,3435.169,5117.921,3349.209,5027.368,3344.665,5026.599,11455.239,12524.494,11295.564,11732.198,11483.849,11733.688,0.000,0.000,0.000,0.000,0.000,0.000,6670.598,11820.493,6596.324,11743.322,6609.688,11763.994,1240.454,3759.282,4053.057,1354.190,4171.701,3590.353,4047.315,0.000,0.000,0.000,0.000,0.000,0.000,1417.320,4401.500,1330.518,4157.231,1324.587,4121.960,4435.081,4888.036,4690.970,4905.508,4734.746,4906.702,0.000,0.000,0.000,0.000,0.000,0.000,1795.786,5109.108,1741.605,5042.735,1741.551,5037.230,10675.808,11625.050,11096.487,11610.219,11056.767,11636.095,0.000,0.000,0.000,0.000,0.000,0.000,5180.868,11790.025,5174.330,11744.245,5171.540,11737.837,1240.310,2518.017,2557.597,1374.793,2586.111,2478.692,2560.561,0.000,0.000,0.000,0.000,0.000,0.000,1362.063,2676.239,1318.265,2599.525,1318.920,2595.277,3295.227,3373.079,3282.498,3380.705,3302.702,3383.208,0.000,0.000,0.000,0.000,0.000,0.000,1794.361,3470.397,1737.156,3420.559,1739.421,3421.883,9896.622,10178.095,9705.544,10162.214,9521.672,10120.705,0.000,0.000,0.000,0.000,0.000,0.000,5185.630,10178.154,5126.445,10162.266,5116.250,10152.795
16,2315.260,4245.927,4748.528,2664.849,4748.543,4330.726,4730.926,0.000,0.000,0.000,0.000,0.000,0.000,2531.044,4988.128,2433.928,4826.890,2414.610,4804.725,4995.338,5321.010,5089.949,5325.097,4974.018,5333.430,0.000,0.000,0.000,0.000,0.000,0.000,2851.936,5548.924,2748.718,5426.413,2751.455,5430.132,10196.403,10780.291,10206.191,10851.225,10321.083,10857.720,0.000,0.000,0.000,0.000,0.000,0.000,5597.330,11001.119,5478.893,10915.557,5464.123,10901.069,2326.462,3621.860,3630.868,3528.596,3622.838,3617.154,3619.362,0.000,0.000,0.000,0.000,0.000,0.000,2592.247,3849.263,2424.437,3644.002,2419.613,3638.613,4182.628,4185.381,4202.825,4206.077,4200.510,4203.054,0.000,0.000,0.000,0.000,0.000,0.000,2851.032,4332.265,2757.290,4236.293,2766.212,4241.133,9798.000,10682.291,9877.482,9977.718,9876.876,9977.805,0.000,0.000,0.000,0.000,0.000,0.000,5552.728,10045.983,5460.988,9992.642,5463.363,9991.798,1175.344,3379.690,3576.614,1313.608,3648.078,3244.336,3578.520,0.000,0.000,0.000,0.000,0.000,0.000,1326.651,3756.330,1269.977,3660.922,1270.289,3667.517,4068.643,4174.507,3985.254,4189.925,4087.505,4202.424,0.000,0.000,0.000,0.000,0.000,0.000,1666.325,4386.675,1614.825,4309.229,1613.639,4314.790,9490.306,9923.091,9249.850,9906.786,9491.501,9906.630,0.000,0.000,0.000,0.000,0.000,0.000,4652.269,10064.828,4588.719,10011.006,4587.869,10017.326,1175.314,2361.639,2428.642,1277.557,2444.274,2361.590,2428.533,0.000,0.000,0.000,0.000,0.000,0.000,1297.196,2548.520,1252.276,2462.486,1252.631,2466.771,2916.085,3033.003,2988.306,3030.912,2984.980,3031.325,0.000,0.000,0.000,0.000,0.000,0.000,1626.389,3111.453,1604.118,3076.667,1605.813,3078.943,8440.671,9087.826,8768.776,9047.281,8726.396,9048.512,0.000,0.000,0.000,0.000,0.000,0.000,4664.013,9069.783,4558.819,9050.391,4552.399,9041.931
18,2093.361,3909.935,4296.781,2407.232,4305.485,3915.551,4274.627,0.000,0.000,0.000,0.000,0.000,0.000,2322.515,4607.202,2192.647,4351.742,2195.718,4355.514,4416.120,4784.620,4431.934,4800.308,4548.610,4802.299,0.000,0.000,0.000,0.000,0.000,0.000,2603.774,5141.158,2497.733,4930.701,2494.535,4926.330,8844.223,9427.180,8778.898,9487.028,9146.794,9485.846,0.000,0.000,0.000,0.000,0.000,0.000,4849.375,9604.953,4815.262,9543.899,4826.037,9559.602,2108.033,3370.442,3379.378,3035.780,3383.119,3372.958,3375.572,0.000,0.000,0.000,0.000,0.000,0.000,2281.723,3487.116,2215.320,3420.780,2209.187,3411.770,3879.176,3881.596,3889.178,3899.330,3909.587,3912.539,0.000,0.000,0.000,0.000,0.000,0.000,2548.892,4002.650,2496.839,3940.555,2498.373,3939.538,8804.258,9479.743,8821.291,8825.437,8843.845,8847.409,0.000,0.000,0.000,0.000,0.000,0.000,4907.865,8925.140,4818.132,8842.430,4815.993,8842.466,1154.354,3140.524,3310.037,1258.195,3396.648,2967.767,3311.178,0.000,0.000,0.000,0.000,0.000,0.000,1282.787,3574.510,1244.860,3400.808,1243.635,3398.154,3612.284,3867.719,3571.760,3892.396,3701.872,3888.315,0.000,0.000,0.000,0.000,0.000,0.000,1613.229,4092.307,1572.138,4008.768,1573.098,4011.340,8008.802,8746.810,8064.699,8750.519,8325.681,8756.863,0.000,0.000,0.000,0.000,0.000,0.000,4156.135,8912.184,4162.409,8886.058,4167.043,8897.249,1153.771,2335.433,2390.205,1271.451,2412.054,2316.624,2388.726,0.000,0.000,0.000,0.000,0.000,0.000,1253.588,2447.540,1235.244,2427.643,1237.946,2431.257,2831.576,2959.731,2812.416,2957.063,2908.047,2962.051,0.000,0.000,0.000,0.000,0.000,0.000,1589.250,3016.681,1565.363,3001.618,1571.231,3003.796,7676.740,8074.396,7722.070,8081.142,7887.977,8068.432,0.000,0.000,0.000,0.000,0.000,0.000,4166.687,8120.350,4145.854,8126.855,4148.348,8128.249
20,1858.022,3612.069,3839.819,2093.326,3857.899,3563.817,3813.223,0.000,0.000,0.000,0.000,0.000,0.000,2107.455,4140.757,1981.069,3922.904,1983.166,3928.353,4205.521,4372.994,4079.737,4375.215,4238.555,4388.807,0.000,0.000,0.000,0.000,0.000,0.000,2330.645,4603.304,2257.437,4461.486,2263.618,4467.268,7807.678,8199.443,7442.334,8234.849,7681.121,8249.884,0.000,0.000,0.000,0.000,0.000,0.000,4220.976,8403.984,4159.644,8287.770,4162.563,8294.889,1884.811,3148.424,3159.143,2947.957,3156.885,3144.798,3154.885,0.000,0.000,0.000,0.000,0.000,0.000,2052.241,3279.879,1979.651,3177.959,1978.250,3175.819,3647.954,3651.121,3659.967,3663.026,3664.112,3667.130,0.000,0.000,0.000,0.000,0.000,0.000,2312.619,3777.457,2252.456,3740.218,2255.513,3734.583,7838.331,8435.899,7867.005,7870.635,7846.393,7881.689,0.000,0.000,0.000,0.000,0.000,0.000,4200.760,7953.641,4156.262,7906.093,4150.785,7909.792,1148.652,2903.277,3090.818,1257.739,3170.370,2812.370,3091.171,0.000,0.000,0.000,0.000,0.000,0.000,1264.112,3319.940,1241.508,3181.306,1245.940,3186.314,3379.331,3598.331,3331.037,3612.644,3418.216,3613.042,0.000,0.000,0.000,0.000,0.000,0.000,1580.072,3819.435,1534.543,3733.315,1534.144,3740.367,7377.412,7777.485,7156.081,7779.112,7373.577,7811.102,0.000,0.000,0.000,0.000,0.000,0.000,3812.413,7936.282,3772.972,7898.395,3780.163,7905.208,1148.110,2315.478,2382.972,1280.377,2398.284,2260.571,2380.718,0.000,0.000,0.000,0.000,0.000,0.000,1239.890,2423.079,1231.804,2418.028,1227.860,2411.530,2842.295,2935.461,2866.851,2930.690,2873.919,2934.540,0.000,0.000,0.000,0.000,0.000,0.000,1565.440,2981.519,1535.107,2974.904,1535.318,2974.996,7200.349,7378.443,7237.439,7356.583,7191.965,7369.640,0.000,0.000,0.000,0.000,0.000,0.000,3754.254,7402.046,3718.452,7398.272,3718.753,7392.506
22,1853.336,3594.923,3812.286,2068.122,3831.941,3620.548,3799.359,0.000,0.000,0.000,0.000,0.000,0.000,2099.592,4135.551,1972.657,3893.434,1972.750,3893.604,4127.818,4318.828,4019.506,4323.957,4204.446,4327.245,0.000,0.000,0.000,0.000,0.000,0.000,2309.315,4494.287,2247.410,4440.428,2248.505,4440.701,7459.840,7830.064,6951.545,7873.321,7181.180,7875.624,0.000,0.000,0.000,0.000,0.000,0.000,4038.547,8044.680,3996.063,7949.191,4000.005,7955.801,1860.368,3135.863,3140.075,3018.687,3136.339,3130.360,3140.499,0.000,0.000,0.000,0.000,0.000,0.000,2047.930,3253.191,1966.465,3170.186,1957.004,3157.461,3578.631,3581.660,3587.471,3591.049,3595.093,3597.742,0.000,0.000,0.000,0.000,0.000,0.000,2311.493,3722.060,2217.923,3642.934,2221.510,3639.828,7346.103,7977.554,7406.512,7409.786,7384.475,7416.783,0.000,0.000,0.000,0.000,0.000,0.000,4072.133,7483.136,3996.165,7425.024,4015.513,7446.642,1146.822,2971.078,3068.267,1265.968,3148.652,2809.863,3073.729,0.000,0.000,0.000,0.000,0.000,0.000,1259.915,3330.241,1246.579,3162.729,1252.797,3173.890,3412.215,3544.380,3411.254,3556.104,3432.767,3548.035,0.000,0.000,0.000,0.000,0.000,0.000,1520.545,3706.567,1487.018,3647.227,1484.541,3643.905,6906.759,7313.125,6837.058,7312.844,6668.317,7317.687,0.000,0.000,0.000,0.000,0.000,0.000,3519.992,7476.832,3486.527,7430.752,3485.749,7443.316,1146.731,2302.007,2372.824,1264.831,2405.678,2295.465,2372.013,0.000,0.000,0.000,0.000,0.000,0.000,1233.547,2419.172,1228.400,2419.027,1225.254,2410.765,2704.282,2882.045,2792.801,2878.943,2800.805,2883.347,0.000,0.000,0.000,0.000,0.000,0.000,1490.455,2920.996,1496.119,2931.280,1487.594,2921.172,6398.555,6834.686,6615.276,6806.703,6534.251,6806.252,0.000,0.000,0.000,0.000,0.000,0.000,3494.742,6816.911,3442.750,6816.726,3452.090,6827.888
24,1640.966,3236.796,3398.032,1822.301,3423.320,3266.156,3377.725,0.000,0.000,0.000,0.000,0.000,0.000,1850.131,3629.165,1757.333,3469.963,1752.133,3466.233,3579.480,3840.249,3711.841,3838.005,3616.578,3841.771,0.000,0.000,0.000,0.000,0.000,0.000,2042.878,4023.015,2013.140,3976.513,2014.306,3977.239,6460.721,6803.789,6390.452,6837.682,6327.395,6838.751,0.000,0.000,0.000,0.000,0.000,0.000,3509.610,6920.604,3469.607,6837.483,3469.609,6842.305,1651.692,2934.020,2936.417,2718.968,2940.990,2928.354,2930.871,0.000,0.000,0.000,0.000,0.000,0.000,1888.210,3090.521,1763.639,2977.114,1769.116,2978.258,3374.123,3377.289,3371.569,3374.598,3368.897,3371.514,0.000,0.000,0.000,0.000,0.000,0.000,2061.509,3486.468,1999.085,3421.570,2001.969,3417.216,6562.699,7082.761,6563.415,6594.686,6585.749,6589.883,0.000,0.000,0.000,0.000,0.000,0.000,3506.122,6634.221,3464.040,6607.688,3473.569,6612.253,1145.415,2699.147,2877.366,1271.048,2946.605,2606.986,2874.692,0.000,0.000,0.000,0.000,0.000,0.000,1282.011,3058.984,1252.980,2975.132,1279.018,2998.069,3021.742,3297.504,3197.171,3307.622,3121.540,3307.377,0.000,0.000,0.000,0.000,0.000,0.000,1482.453,3468.547,1466.028,3416.745,1468.001,3414.818,6007.821,6501.384,6182.991,6500.846,6021.047,6503.637,0.000,0.000,0.000,0.000,0.000,0.000,3330.237,6694.683,3251.866,6603.188,3250.230,6598.923,1146.936,2309.009,2376.772,1274.141,2400.687,2289.217,2371.226,0.000,0.000,0.000,0.000,0.000,0.000,1229.528,2416.296,1225.709,2417.457,1228.278,2415.663,2716.635,2826.076,2790.523,2821.541,2752.103,2833.872,0.000,0.000,0.000,0.000,0.000,0.000,1474.823,2878.661,1468.481,2867.960,1465.248,2868.504,6119.081,6268.767,5934.038,6248.534,6112.319,6261.166,0.000,0.000,0.000,0.000,0.000,0.000,3239.953,6307.127,3215.345,6305.936,3206.502,6296.967
26,1631.401,3199.595,3372.295,1840.483,3396.937,3121.069,3355.651,0.000,0.000,0.000,0.000,0.000,0.000,1849.995,3569.039,1753.339,3466.139,1754.518,3462.908,3655.629,3794.358,3585.151,3792.093,3634.082,3800.312,0.000,0.000,0.000,0.000,0.000,0.000,2032.930,3994.495,1991.138,3926.858,1989.120,3918.501,5912.341,6425.312,6022.105,6446.564,5912.031,6457.814,0.000,0.000,0.000,0.000,0.000,0.000,3375.323,6621.686,3302.399,6538.932,3295.013,6513.071,1629.576,2926.190,2941.933,2807.982,2922.292,2913.605,2919.556,0.000,0.000,0.000,0.000,0.000,0.000,1875.442,3089.452,1753.032,2970.716,1753.603,2971.550,3334.690,3352.706,3345.299,3347.970,3343.153,3346.161,0.000,0.000,0.000,0.000,0.000,0.000,2000.772,3422.575,1973.895,3393.651,1975.990,3394.608,6154.901,6660.441,6186.713,6190.261,6186.742,6190.186,0.000,0.000,0.000,0.000,0.000,0.000,3341.382,6270.888,3316.717,6242.611,3313.848,6240.305,1145.930,2686.847,2855.926,1284.629,2922.728,2621.472,2860.487,0.000,0.000,0.000,0.000,0.000,0.000,1258.132,3053.826,1257.978,2967.326,1261.943,2972.705,3097.740,3275.360,3140.874,3273.768,3113.756,3279.598,0.000,0.000,0.000,0.000,0.000,0.000,1486.350,3452.930,1461.867,3387.982,1467.240,3386.596,5683.244,6113.488,5734.367,6113.544,5757.555,6121.746,0.000,0.000,0.000,0.000,0.000,0.000,3013.703,6291.404,3027.769,6279.314,3036.224,6290.505,1146.665,2294.909,2371.197,1263.907,2401.968,2289.260,2369.209,0.000,0.000,0.000,0.000,0.000,0.000,1236.825,2417.339,1224.703,2413.578,1225.851,2411.986,2781.441,2825.646,2774.955,2827.138,2807.428,2822.638,0.000,0.000,0.000,0.000,0.000,0.000,1466.232,2875.796,1461.588,2872.002,1461.743,2870.764,5741.157,5821.833,5543.751,5797.099,5695.351,5794.860,0.000,0.000,0.000,0.000,0.000,0.000,2978.565,5850.478,2998.746,5869.985,2991.155,5860.904
28,1427.808,2825.983,2957.575,1615.625,2968.118,2815.395,2946.851,0.000,0.000,0.000,0.000,0.000,0.000,1645.713,3227.689,1546.988,3049.582,1551.662,3051.981,3262.090,3397.673,3292.586,3376.214,3284.342,3382.382,0.000,0.000,0.000,0.000,0.000,0.000,1835.669,3592.442,1768.364,3486.560,1773.516,3480.291,5076.020,5478.716,5187.895,5497.242,4964.678,5512.744,0.000,0.000,0.000,0.000,0.000,0.000,2851.850,5619.125,2815.482,5585.197,2806.400,5569.629,1434.369,2722.062,2724.484,2063.511,2735.439,2719.878,2729.407,0.000,0.000,0.000,0.000,0.000,0.000,1616.542,2841.390,1546.435,2774.047,1548.709,2776.004,3095.183,3097.838,3105.491,3108.482,3107.039,3109.714,0.000,0.000,0.000,0.000,0.000,0.000,1796.857,3208.633,1745.555,3154.926,1744.491,3154.125,5546.814,5993.423,5585.263,5588.589,5564.540,5567.121,0.000,0.000,0.000,0.000,0.000,0.000,2875.464,5655.780,2811.569,5603.057,2806.896,5596.472,1145.352,2533.543,2675.914,1293.620,2723.730,2551.983,2678.963,0.000,0.000,0.000,0.000,0.000,0.000,1277.623,2867.115,1278.736,2786.432,1272.030,2776.559,2832.537,3022.743,2845.776,3028.882,2843.263,3031.595,0.000,0.000,0.000,0.000,0.000,0.000,1496.960,3170.538,1463.568,3144.905,1456.693,3139.426,5010.593,5468.176,5142.756,5465.391,5228.228,5464.843,0.000,0.000,0.000,0.000,0.000,0.000,2828.596,5617.014,2826.851,5590.145,2824.459,5584.830,1145.545,2309.573,2369.409,1269.650,2399.215,2313.948,2370.083,0.000,0.000,0.000,0.000,0.000,0.000,1236.745,2427.435,1224.642,2409.797,1227.515,2412.451,2784.474,2797.419,2731.223,2802.847,2718.255,2801.797,0.000,0.000,0.000,0.000,0.000,0.000,1468.319,2852.235,1441.968,2842.225,1443.903,2847.612,5295.728,5457.702,5156.658,5452.552,5382.437,5447.875,0.000,0.000,0.000,0.000,0.000,0.000,2814.416,5514.508,2777.187,5505.488,2777.180,5508.440
30,1413.147,2783.202,2934.526,1575.739,2965.801,2781.020,2924.608,0.000,0.000,0.000,0.000,0.000,0.000,1651.258,3241.134,1537.193,3029.343,1533.537,3023.423,3126.035,3234.166,3084.700,3230.854,3073.639,3236.919,0.000,0.000,0.000,0.000,0.000,0.000,1746.483,3391.810,1708.766,3350.386,1709.235,3344.300,4890.129,5224.558,4933.346,5251.538,4986.784,5248.576,0.000,0.000,0.000,0.000,0.000,0.000,2711.613,5370.728,2687.656,5335.012,2693.359,5335.094,1424.174,2712.637,2718.800,2069.190,2727.822,2720.982,2723.099,0.000,0.000,0.000,0.000,0.000,0.000,1624.772,2854.448,1535.726,2765.547,1540.533,2767.860,2956.709,2960.931,2958.159,2960.863,2961.552,2964.164,0.000,0.000,0.000,0.000,0.000,0.000,1797.209,3072.868,1704.907,3002.496,1709.845,3005.399,5246.282,5691.813,5270.573,5272.885,5274.785,5277.118,0.000,0.000,0.000,0.000,0.000,0.000,2736.143,5339.781,2683.623,5307.981,2684.666,5302.333,1144.545,2575.418,2687.337,1297.974,2718.145,2534.755,2679.299,0.000,0.000,0.000,0.000,0.000,0.000,1286.327,2842.346,1279.861,2772.862,1276.379,2770.875,2832.017,2966.616,2834.946,2969.529,2875.114,2970.582,0.000,0.000,0.000,0.000,0.000,0.000,1460.136,3140.102,1456.700,3081.749,1453.858,3083.321,4908.249,5157.647,4750.822,5160.975,4915.748,5166.275,0.000,0.000,0.000,0.000,0.000,0.000,2652.352,5329.622,2666.635,5296.182,2647.756,5278.050,1146.012,2337.691,2374.594,1248.179,2399.667,2287.060,2368.675,0.000,0.000,0.000,0.000,0.000,0.000,1230.388,2420.425,1226.405,2411.242,1225.410,2409.304,2733.355,2799.951,2760.707,2799.200,2742.833,2800.406,0.000,0.000,0.000,0.000,0.000,0.000,1471.683,2874.708,1443.896,2842.735,1451.874,2847.845,4964.403,5131.231,4994.571,5104.610,4905.636,5113.085,0.000,0.000,0.000,0.000,0.000,0.000,2611.798,5172.843,2622.544,5180.325,2626.988,5184.724
32,1219.323,2448.710,2542.552,1371.762,2581.614,2419.158,2535.724,0.000,0.000,0.000,0.000,0.000,0.000,1422.040,2792.036,1338.141,2625.497,1347.237,2638.922,2737.791,2821.839,2667.713,2808.981,2725.764,2802.324,0.000,0.000,0.000,0.000,0.000,0.000,1502.786,2949.543,1488.546,2923.402,1485.296,2922.182,4180.438,4355.946,4107.207,4372.876,4221.309,4376.369,0.000,0.000,0.000,0.000,0.000,0.000,2285.072,4494.616,2291.084,4477.175,2269.518,4466.051,1236.422,2545.309,2551.821,1842.641,2566.751,2548.003,2556.766,0.000,0.000,0.000,0.000,0.000,0.000,1411.016,2655.929,1335.312,2578.891,1334.950,2577.507,2817.547,2820.138,2817.702,2820.678,2812.729,2828.679,0.000,0.000,0.000,0.000,0.000,0.000,1549.599,2898.757,1482.383,2844.345,1485.206,2841.918,4668.488,5013.824,4688.917,4691.417,4678.555,4692.878,0.000,0.000,0.000,0.000,0.000,0.000,2279.816,4747.801,2266.415,4721.906,2261.617,4718.938,1145.898,2413.849,2500.012,1370.043,2536.319,2402.239,2500.144,0.000,0.000,0.000,0.000,0.000,0.000,1298.108,2642.100,1292.558,2588.317,1291.043,2587.775,2657.388,2743.813,2597.622,2749.791,2609.116,2749.753,0.000,0.000,0.000,0.000,0.000,0.000,1456.726,2898.778,1444.377,2858.924,1445.315,2864.494,4478.866,4597.379,4251.622,4603.934,4400.990,4602.615,0.000,0.000,0.000,0.000,0.000,0.000,2531.020,4752.728,2508.051,4722.810,2509.865,4727.911,1145.501,2313.231,2372.626,1289.433,2396.226,2284.553,2374.805,0.000,0.000,0.000,0.000,0.000,0.000,1234.258,2420.244,1227.553,2414.122,1225.515,2409.488,2646.547,2797.076,2691.596,2797.765,2705.132,2797.454,0.000,0.000,0.000,0.000,0.000,0.000,1455.680,2856.890,1455.650,2850.607,1446.469,2844.400,4691.994,4830.449,4711.774,4823.719,4721.763,4820.705,0.000,0.000,0.000,0.000,0.000,0.000,2453.015,4863.170,2453.578,4865.072,2475.248,4877.990
34,1209.352,2467.427,2516.666,1368.766,2563.985,2368.489,2514.259,0.000,0.000,0.000,0.000,0.000,0.000,1387.055,2712.579,1330.359,2611.811,1325.459,2605.403,2694.462,2791.577,2714.610,2781.474,2640.224,2798.417,0.000,0.000,0.000,0.000,0.000,0.000,1547.048,2983.692,1474.341,2889.730,1479.408,2903.188,3881.760,4165.751,3898.307,4177.830,3962.825,4176.151,0.000,0.000,0.000,0.000,0.000,0.000,2208.128,4317.212,2170.907,4255.374,2171.788,4254.326,1232.247,2531.573,2537.190,1604.126,2559.348,2530.800,2542.868,0.000,0.000,0.000,0.000,0.000,0.000,1379.554,2627.616,1329.662,2584.195,1328.437,2575.020,2786.555,2788.558,2803.643,2806.234,2805.163,2807.506,0.000,0.000,0.000,0.000,0.000,0.000,1498.624,2868.040,1469.962,2837.821,1464.708,2833.888,4445.134,4802.316,4463.992,4466.372,4456.503,4459.065,0.000,0.000,0.000,0.000,0.000,0.000,2182.682,4511.362,2162.673,4488.539,2160.059,4481.778,1144.100,2380.515,2491.533,1407.190,2515.853,2370.821,2495.153,0.000,0.000,0.000,0.000,0.000,0.000,1309.677,2668.847,1298.630,2585.120,1301.209,2588.076,2628.414,2728.939,2638.062,2730.724,2584.439,2728.726,0.000,0.000,0.000,0.000,0.000,0.000,1458.092,2869.416,1440.380,2836.346,1446.121,2844.501,4154.496,4365.196,4169.348,4363.827,4100.683,4369.965,0.000,0.000,0.000,0.000,0.000,0.000,2421.052,4517.399,2394.280,4503.416,2379.175,4488.871,1144.624,2303.480,2367.755,1274.471,2396.175,2283.500,2365.424,0.000,0.000,0.000,0.000,0.000,0.000,1225.377,2407.498,1226.051,2413.550,1225.522,2409.696,2754.127,2796.254,2702.511,2797.528,2681.043,2795.503,0.000,0.000,0.000,0.000,0.000,0.000,1449.435,2846.267,1446.565,2843.391,1439.446,2837.765,4451.896,4585.485,4507.709,4576.592,4375.801,4572.984,0.000,0.000,0.000,0.000,0.000,0.000,2323.403,4586.102,2323.746,4584.684,2325.747,4588.230
36,1203.168,2391.608,2505.330,1374.464,2554.536,2348.626,2501.852,0.000,0.000,0.000,0.000,0.000,0.000,1400.488,2735.479,1319.289,2594.712,1324.500,2594.794,2712.897,2843.748,2747.662,2830.092,2750.939,2836.900,0.000,0.000,0.000,0.000,0.000,0.000,1523.071,2982.916,1465.950,2868.791,1464.410,2856.759,3724.085,3996.214,3903.472,3999.943,3725.655,4007.925,0.000,0.000,0.000,0.000,0.000,0.000,2105.280,4097.498,2075.922,4078.248,2063.752,4059.734,1233.913,2522.905,2528.854,1666.509,2551.216,2524.449,2542.611,0.000,0.000,0.000,0.000,0.000,0.000,1380.116,2633.428,1322.050,2577.454,1322.113,2574.605,2786.846,2789.211,2781.323,2797.592,2793.112,2795.446,0.000,0.000,0.000,0.000,0.000,0.000,1495.970,2876.407,1455.600,2835.494,1452.409,2834.950,4213.715,4555.813,4226.679,4229.284,4229.055,4231.429,0.000,0.000,0.000,0.000,0.000,0.000,2092.429,4295.667,2065.113,4267.903,2069.458,4271.563,1144.965,2339.000,2484.912,1363.376,2508.742,2355.738,2494.480,0.000,0.000,0.000,0.000,0.000,0.000,1309.259,2669.737,1297.579,2577.826,1298.151,2573.191,2579.262,2713.694,2571.493,2714.822,2583.561,2716.574,0.000,0.000,0.000,0.000,0.000,0.000,1464.989,2859.143,1437.781,2820.090,1447.386,2825.022,3916.924,4137.783,3862.513,4146.411,3924.417,4146.651,0.000,0.000,0.000,0.000,0.000,0.000,2312.359,4331.260,2297.278,4313.134,2317.450,4325.532,1145.250,2295.749,2369.208,1258.225,2399.329,2300.236,2365.516,0.000,0.000,0.000,0.000,0.000,0.000,1235.718,2419.400,1224.247,2406.701,1225.559,2410.057,2641.537,2792.341,2687.801,2794.688,2741.368,2794.930,0.000,0.000,0.000,0.000,0.000,0.000,1458.165,2857.008,1451.430,2851.790,1442.851,2841.534,4255.009,4336.217,4198.810,4348.499,4192.510,4331.579,0.000,0.000,0.000,0.000,0.000,0.000,2276.102,4399.315,2246.391,4404.470,2242.118,4396.935
38,1195.567,2380.578,2492.558,1329.393,2543.105,2326.427,2491.814,0.000,0.000,0.000,0.000,0.000,0.000,1375.342,2688.538,1311.622,2583.149,1312.607,2581.666,2645.919,2741.542,2631.931,2724.629,2659.477,2726.869,0.000,0.000,0.000,0.000,0.000,0.000,1509.195,2934.510,1452.604,2843.802,1453.444,2842.241,3496.546,3799.834,3654.834,3809.018,3649.993,3811.714,0.000,0.000,0.000,0.000,0.000,0.000,2017.401,3933.499,1969.428,3882.999,1976.663,3885.595,1218.809,2523.925,2529.990,1673.523,2553.169,2501.142,2521.932,0.000,0.000,0.000,0.000,0.000,0.000,1373.455,2628.184,1309.375,2561.110,1313.647,2568.234,2766.639,2768.785,2758.880,2777.074,2767.531,2770.015,0.000,0.000,0.000,0.000,0.000,0.000,1482.859,2888.960,1417.391,2827.124,1420.112,2831.293,4016.512,4341.840,4015.676,4017.915,4016.676,4018.750,0.000,0.000,0.000,0.000,0.000,0.000,2007.921,4106.924,1962.811,4062.705,1977.583,4079.769,1144.247,2333.487,2489.684,1364.172,2501.452,2385.230,2477.737,0.000,0.000,0.000,0.000,0.000,0.000,1313.667,2656.111,1301.228,2582.236,1302.611,2570.920,2510.463,2677.488,2574.113,2676.322,2544.185,2678.516,0.000,0.000,0.000,0.000,0.000,0.000,1455.169,2824.327,1445.518,2790.710,1446.386,2789.820,3579.037,4002.087,3768.520,4005.489,3725.637,4006.982,0.000,0.000,0.000,0.000,0.000,0.000,2195.206,4103.518,2195.572,4078.449,2182.245,4052.652,1144.153,2349.246,2371.021,1263.629,2399.324,2293.330,2369.234,0.000,0.000,0.000,0.000,0.000,0.000,1242.809,2422.868,1223.520,2410.628,1228.417,2412.099,2583.277,2658.951,2563.484,2664.756,2599.690,2658.861,0.000,0.000,0.000,0.000,0.000,0.000,1472.027,2734.337,1435.869,2716.122,1435.697,2719.796,4094.652,4117.756,4000.560,4115.862,4015.400,4121.908,0.000,0.000,0.000,0.000,0.000,0.000,2158.840,4173.952,2132.384,4168.435,2132.887,4170.064
40,1023.651,2072.864,2127.914,1155.840,2181.776,2039.983,2132.424,0.000,0.000,0.000,0.000,0.000,0.000,1195.735,2330.195,1131.869,2217.649,1128.969,2213.386,2283.914,2309.888,2083.949,2313.887,2264.106,2301.621,0.000,0.000,0.000,0.000,0.000,0.000,1255.956,2470.150,1241.987,2464.423,1241.747,2463.382,2955.886,3062.554,2839.039,3075.854,2982.140,3078.367,0.000,0.000,0.000,0.000,0.000,0.000,1657.299,3198.862,1608.331,3169.207,1608.338,3156.010,1039.986,2347.228,2354.941,1221.368,2388.634,2306.279,2361.635,0.000,0.000,0.000,0.000,0.000,0.000,1183.021,2456.781,1115.070,2390.128,1122.663,2387.529,2547.350,2549.566,2504.888,2559.444,2553.801,2555.946,0.000,0.000,0.000,0.000,0.000,0.000,1263.426,2672.607,1206.348,2608.152,1207.858,2611.692,3592.563,3853.234,3596.762,3599.175,3593.852,3611.785,0.000,0.000,0.000,0.000,0.000,0.000,1610.182,3652.817,1596.496,3627.529,1594.516,3627.890,1145.722,2252.774,2311.854,1730.316,2326.072,2191.334,2316.708,0.000,0.000,0.000,0.000,0.000,0.000,1322.642,2439.349,1319.489,2394.765,1321.831,2406.913,2419.414,2471.076,2373.345,2473.887,2370.358,2474.555,0.000,0.000,0.000,0.000,0.000,0.000,1449.281,2626.198,1442.310,2583.044,1442.689,2582.177,3427.480,3515.555,3346.904,3520.126,3422.574,3516.951,0.000,0.000,0.000,0.000,0.000,0.000,2092.217,3654.510,2090.417,3633.362,2093.745,3637.674,1145.924,2321.011,2376.429,1273.840,2401.640,2289.251,2372.397,0.000,0.000,0.000,0.000,0.000,0.000,1238.578,2416.128,1226.830,2413.450,1226.529,2412.284,2598.898,2647.715,2617.153,2645.226,2605.346,2646.633,0.000,0.000,0.000,0.000,0.000,0.000,1463.012,2710.727,1441.305,2697.237,1439.521,2695.270,3858.176,3933.453,3859.555,3933.735,3860.234,3934.492,0.000,0.000,0.000,0.000,0.000,0.000,2039.103,3987.409,2046.984,3989.121,2039.748,3978.045
42,1017.175,2062.080,2119.021,1177.161,2176.786,1980.604,2122.091,0.000,0.000,0.000,0.000,0.000,0.000,1164.748,2280.854,1127.484,2206.274,1127.007,2211.701,2163.235,2258.690,1393.879,2252.653,2145.252,2235.376,0.000,0.000,0.000,0.000,0.000,0.000,1245.926,2413.684,1210.757,2357.153,1211.342,2354.663,2795.463,2923.001,2805.290,2933.789,2799.509,2937.092,0.000,0.000,0.000,0.000,0.000,0.000,1560.797,3062.442,1532.581,3009.941,1536.067,3017.284,1034.909,2350.138,2353.210,1217.237,2389.420,2319.163,2350.320,0.000,0.000,0.000,0.000,0.000,0.000,1187.411,2451.937,1113.872,2384.440,1117.598,2383.695,2424.154,2426.044,2060.691,2420.417,2420.587,2423.479,0.000,0.000,0.000,0.000,0.000,0.000,1215.869,2525.696,1184.954,2476.824,1193.748,2483.414,3426.173,3693.678,3436.678,3438.861,3446.771,3457.914,0.000,0.000,0.000,0.000,0.000,0.000,1596.665,3515.629,1535.484,3480.970,1532.676,3474.888,1143.997,2226.397,2298.500,1769.094,2314.579,2241.174,2301.115,0.000,0.000,0.000,0.000,0.000,0.000,1326.023,2451.112,1315.142,2385.078,1318.036,2395.792,2269.163,2440.484,2339.926,2444.001,2321.515,2440.350,0.000,0.000,0.000,0.000,0.000,0.000,1468.204,2629.551,1441.574,2566.944,1444.363,2568.306,3247.623,3358.768,3129.615,3362.785,3238.601,3358.761,0.000,0.000,0.000,0.000,0.000,0.000,2012.511,3495.913,2002.777,3475.068,1999.637,3475.537,1143.799,2304.639,2370.433,1293.274,2385.881,2298.301,2369.701,0.000,0.000,0.000,0.000,0.000,0.000,1232.141,2413.961,1226.718,2412.222,1226.743,2411.283,2530.715,2646.048,2605.640,2644.626,2606.228,2644.354,0.000,0.000,0.000,0.000,0.000,0.000,1443.671,2703.017,1436.659,2693.514,1439.097,2693.429,3609.942,3748.138,3699.930,3744.744,3654.665,3750.107,0.000,0.000,0.000,0.000,0.000,0.000,1943.369,3803.033,1940.314,3791.393,1940.353,3787.378
44,1013.654,2068.310,2112.537,1155.270,2173.972,2028.902,2111.451,0.000,0.000,0.000,0.000,0.000,0.000,1157.263,2268.255,1119.962,2192.705,1123.139,2201.489,2178.437,2247.239,1354.544,2249.133,2156.826,2222.508,0.000,0.000,0.000,0.000,0.000,0.000,1261.186,2429.134,1199.576,2331.359,1201.250,2331.947,2699.514,2794.880,2687.934,2797.746,2713.343,2799.135,0.000,0.000,0.000,0.000,0.000,0.000,1486.166,2904.907,1459.032,2865.111,1464.724,2869.892,1026.690,2335.297,2339.821,1251.913,2377.503,2286.154,2346.944,0.000,0.000,0.000,0.000,0.000,0.000,1146.498,2416.280,1104.653,2385.865,1108.502,2380.144,2421.553,2424.210,2401.685,2420.180,2422.683,2425.246,0.000,0.000,0.000,0.000,0.000,0.000,1247.340,2511.423,1176.850,2450.265,1178.976,2450.196,3270.990,3539.182,3290.025,3292.556,3289.544,3292.013,0.000,0.000,0.000,0.000,0.000,0.000,1510.111,3379.100,1456.812,3322.952,1458.833,3320.101,1145.108,2220.273,2297.703,1828.304,2304.423,2221.774,2303.452,0.000,0.000,0.000,0.000,0.000,0.000,1321.646,2428.291,1318.518,2381.453,1319.571,2389.312,2408.856,2459.780,2394.333,2461.785,2389.785,2462.193,0.000,0.000,0.000,0.000,0.000,0.000,1457.120,2598.115,1447.421,2550.508,1447.336,2555.631,3033.798,3194.843,3115.857,3197.879,3001.571,3204.072,0.000,0.000,0.000,0.000,0.000,0.000,1924.589,3351.441,1915.039,3318.198,1914.445,3319.742,1143.700,2278.271,2368.572,1259.824,2396.241,2308.795,2366.551,0.000,0.000,0.000,0.000,0.000,0.000,1244.272,2417.617,1224.278,2411.131,1224.431,2407.922,2593.821,2643.106,2597.091,2637.842,2619.455,2642.723,0.000,0.000,0.000,0.000,0.000,0.000,1461.263,2704.444,1442.612,2692.837,1436.848,2683.397,3375.722,3596.984,3398.139,3581.172,3463.833,3581.620,0.000,0.000,0.000,0.000,0.000,0.000,1887.804,3652.843,1861.816,3634.851,1857.693,3629.767
46,1009.408,2039.182,2105.205,1143.210,2162.668,1949.689,2101.353,0.000,0.000,0.000,0.000,0.000,0.000,1171.645,2282.950,1114.982,2182.015,1114.345,2182.802,2118.960,2220.774,1231.306,2220.665,2059.380,2192.664,0.000,0.000,0.000,0.000,0.000,0.000,1277.120,2435.677,1173.414,2284.463,1180.741,2290.172,2529.462,2652.511,2605.720,2664.598,2590.207,2662.469,0.000,0.000,0.000,0.000,0.000,0.000,1436.131,2792.780,1408.960,2763.794,1408.727,2767.775,1024.293,2338.068,2342.261,1180.241,2376.731,2305.035,2345.655,0.000,0.000,0.000,0.000,0.000,0.000,1149.373,2422.806,1099.624,2381.960,1108.606,2381.783,2399.307,2401.987,2309.375,2399.911,2393.262,2395.684,0.000,0.000,0.000,0.000,0.000,0.000,1230.361,2489.331,1180.368,2438.424,1175.442,2434.094,3096.508,3357.893,3114.012,3116.360,3115.499,3117.799,0.000,0.000,0.000,0.000,0.000,0.000,1435.744,3219.944,1395.318,3187.002,1397.356,3186.270,1146.673,2207.452,2289.537,1916.605,2296.987,2202.663,2300.169,0.000,0.000,0.000,0.000,0.000,0.000,1332.669,2422.619,1323.141,2382.842,1321.559,2381.907,2331.765,2442.007,2337.148,2438.746,2318.471,2440.523,0.000,0.000,0.000,0.000,0.000,0.000,1457.029,2594.831,1437.583,2550.925,1433.863,2545.809,2826.029,3058.608,2907.290,3062.251,2850.915,3063.801,0.000,0.000,0.000,0.000,0.000,0.000,1853.073,3206.315,1840.248,3170.712,1835.745,3166.898,1147.400,2285.177,2380.518,1263.521,2406.468,2263.286,2374.346,0.000,0.000,0.000,0.000,0.000,0.000,1233.892,2421.160,1226.700,2413.244,1227.849,2414.987,2531.137,2648.043,2586.945,2640.399,2563.845,2643.971,0.000,0.000,0.000,0.000,0.000,0.000,1448.660,2695.938,1445.743,2691.987,1441.075,2688.795,3329.780,3450.671,3344.084,3442.003,3344.965,3442.448,0.000,0.000,0.000,0.000,0.000,0.000,1790.333,3491.447,1782.270,3483.166,1783.445,3487.769
48,1003.825,2037.584,2092.955,1145.256,2156.745,1966.141,2097.469,0.000,0.000,0.000,0.000,0.000,0.000,1162.149,2273.112,1113.589,2180.611,1109.841,2180.125,2106.089,2203.346,1282.211,2214.217,2030.713,2169.054,0.000,0.000,0.000,0.000,0.000,0.000,1221.725,2378.018,1167.477,2276.740,1175.055,2285.794,2453.987,2540.627,2485.803,2543.966,2483.192,2554.465,0.000,0.000,0.000,0.000,0.000,0.000,1366.383,2683.312,1361.337,2668.683,1360.963,2666.363,1020.045,2321.897,2328.776,1237.239,2375.200,2313.701,2339.388,0.000,0.000,0.000,0.000,0.000,0.000,1149.284,2414.723,1092.638,2369.725,1104.757,2371.572,2390.226,2392.768,2319.562,2390.573,2383.696,2385.948,0.000,0.000,0.000,0.000,0.000,0.000,1217.005,2475.254,1174.487,2430.332,1178.618,2434.895,2964.119,3234.177,2981.929,2985.072,2991.077,2993.715,0.000,0.000,0.000,0.000,0.000,0.000,1397.006,3091.564,1340.030,3026.181,1333.758,3025.065,1147.550,2204.338,2288.612,1551.415,2291.065,2195.215,2288.984,0.000,0.000,0.000,0.000,0.000,0.000,1318.605,2399.668,1314.165,2369.644,1312.753,2371.650,2312.576,2441.239,2384.593,2437.815,2351.698,2441.703,0.000,0.000,0.000,0.000,0.000,0.000,1465.147,2587.716,1441.684,2546.984,1444.401,2543.800,2766.644,2927.049,2768.246,2931.655,2825.880,2933.177,0.000,0.000,0.000,0.000,0.000,0.000,1798.347,3105.700,1769.224,3042.895,1772.683,3045.918,1147.302,2302.338,2381.570,1262.799,2400.760,2278.842,2373.264,0.000,0.000,0.000,0.000,0.000,0.000,1238.382,2423.585,1226.998,2415.144,1228.534,2414.190,2532.849,2637.990,2555.239,2641.370,2608.449,2640.245,0.000,0.000,0.000,0.000,0.000,0.000,1470.227,2715.079,1453.868,2694.594,1451.801,2694.890,3303.844,3321.047,3250.374,3314.703,3294.721,3317.080,0.000,0.000,0.000,0.000,0.000,0.000,1728.041,3374.796,1710.696,3365.308,1710.818,3369.023
50,1004.295,2021.852,2092.334,1124.680,2143.638,1992.541,2087.870,0.000,0.000,0.000,0.000,0.000,0.000,1170.912,2286.227,1105.562,2170.255,1106.166,2168.479,2281.686,2345.786,1840.315,2231.889,2197.952,2229.292,0.000,0.000,0.000,0.000,0.000,0.000,1220.747,2355.523,1197.908,2327.427,1200.120,2328.985,2367.733,2470.265,2396.336,2475.926,2448.409,2484.688,0.000,0.000,0.000,0.000,0.000,0.000,1338.518,2609.166,1316.759,2566.625,1316.548,2562.973,1017.272,2310.227,2318.597,1163.412,2364.504,2290.237,2330.674,0.000,0.000,0.000,0.000,0.000,0.000,1177.228,2440.679,1090.593,2364.365,1102.346,2368.135,2369.248,2371.421,1961.477,2377.307,2367.685,2370.212,0.000,0.000,0.000,0.000,0.000,0.000,1224.435,2481.836,1160.951,2412.534,1163.666,2418.379,2881.670,3112.675,2857.159,2859.828,2865.271,2867.492,0.000,0.000,0.000,0.000,0.000,0.000,1317.040,2953.154,1275.289,2905.193,1283.097,2917.372,1145.423,2180.808,2297.670,1761.457,2284.255,2197.119,2281.672,0.000,0.000,0.000,0.000,0.000,0.000,1329.733,2416.036,1307.111,2358.110,1313.536,2368.151,2372.978,2421.329,2293.787,2426.116,2338.133,2427.374,0.000,0.000,0.000,0.000,0.000,0.000,1459.637,2580.880,1445.946,2532.182,1448.044,2533.750,2702.562,2808.248,2642.074,2817.817,2751.456,2818.154,0.000,0.000,0.000,0.000,0.000,0.000,1746.389,3002.877,1710.707,2929.948,1704.797,2922.815,1146.150,2311.404,2368.158,1236.903,2398.598,2308.104,2371.492,0.000,0.000,0.000,0.000,0.000,0.000,1245.737,2423.423,1225.836,2411.348,1225.560,2411.740,2595.153,2639.442,2547.164,2639.953,2565.970,2640.880,0.000,0.000,0.000,0.000,0.000,0.000,1499.124,2701.534,1454.455,2692.140,1455.015,2691.985,3121.801,3198.630,3109.265,3191.719,3065.141,3191.192,0.000,0.000,0.000,0.000,0.000,0.000,1646.836,3238.929,1656.265,3246.317,1647.835,3239.949
52,998.629,2039.349,2083.684,1136.651,2145.080,1949.477,2081.878,0.000,0.000,0.000,0.000,0.000,0.000,1134.119,2212.643,1105.794,2166.835,1105.701,2165.364,2174.287,2203.988,1352.774,2204.496,2131.845,2182.476,0.000,0.000,0.000,0.000,0.000,0.000,1214.843,2343.793,1181.324,2293.669,1187.213,2294.575,2349.545,2381.397,2329.242,2396.854,2361.110,2398.584,0.000,0.000,0.000,0.000,0.000,0.000,1310.220,2541.037,1276.982,2474.092,1271.873,2465.834,1007.281,2315.000,2321.254,1197.368,2352.782,2311.783,2331.718,0.000,0.000,0.000,0.000,0.000,0.000,1156.600,2419.639,1088.100,2351.763,1097.382,2361.119,2373.951,2376.222,2069.574,2348.884,2342.485,2344.453,0.000,0.000,0.000,0.000,0.000,0.000,1186.943,2431.525,1152.873,2397.750,1155.724,2400.898,2757.108,3014.521,2759.323,2761.502,2762.713,2765.596,0.000,0.000,0.000,0.000,0.000,0.000,1284.802,2854.322,1224.880,2803.674,1236.544,2812.109,1146.866,2198.900,2279.822,1637.268,2281.499,2193.462,2276.436,0.000,0.000,0.000,0.000,0.000,0.000,1312.817,2422.205,1309.550,2350.708,1310.973,2357.557,2271.575,2423.148,2263.631,2422.648,2292.970,2422.404,0.000,0.000,0.000,0.000,0.000,0.000,1460.695,2581.924,1455.615,2527.770,1456.386,2531.971,2639.470,2704.641,2579.778,2714.936,2569.724,2715.720,0.000,0.000,0.000,0.000,0.000,0.000,1647.287,2845.973,1645.796,2820.315,1646.221,2823.336,1146.730,2348.898,2409.433,1257.927,2408.558,2310.852,2374.059,0.000,0.000,0.000,0.000,0.000,0.000,1240.423,2419.283,1229.590,2419.678,1229.681,2418.692,2600.160,2653.622,2506.711,2647.898,2557.836,2650.323,0.000,0.000,0.000,0.000,0.000,0.000,1474.233,2708.463,1458.866,2695.705,1459.475,2692.890,3039.839,3078.615,2973.447,3070.116,3010.218,3070.252,0.000,0.000,0.000,0.000,0.000,0.000,1611.832,3140.847,1587.628,3125.093,1586.297,3118.031
54,825.334,1694.733,1735.914,952.046,1799.186,1592.007,1739.769,0.000,0.000,0.000,0.000,0.000,0.000,951.063,1855.163,928.799,1811.210,932.956,1819.869,1721.020,1773.522,986.801,1813.972,1524.981,1748.429,0.000,0.000,0.000,0.000,0.000,0.000,1015.223,1927.007,964.049,1857.519,964.363,1855.024,1835.654,1913.369,1432.248,1930.091,1844.409,1917.829,0.000,0.000,0.000,0.000,0.000,0.000,1094.775,2097.560,1041.604,2026.694,1044.455,2031.690,839.736,2126.061,2132.084,980.076,2184.634,2076.530,2134.630,0.000,0.000,0.000,0.000,0.000,0.000,924.535,2181.319,906.228,2182.272,907.519,2163.482,2174.229,2176.414,1003.629,2185.366,2104.823,2156.727,0.000,0.000,0.000,0.000,0.000,0.000,990.200,2235.420,947.082,2195.548,950.842,2195.794,2493.450,2671.470,2472.238,2498.660,2509.687,2512.139,0.000,0.000,0.000,0.000,0.000,0.000,1046.636,2575.378,1014.566,2539.023,1014.216,2538.625,1147.924,2019.239,2082.731,1368.214,2096.191,2024.852,2076.974,0.000,0.000,0.000,0.000,0.000,0.000,1314.396,2224.392,1305.347,2168.990,1305.098,2167.415,2047.827,2231.355,2152.359,2223.040,2079.164,2235.176,0.000,0.000,0.000,0.000,0.000,0.000,1482.194,2378.567,1470.349,2345.692,1472.300,2351.574,2348.148,2430.343,2327.752,2435.049,2384.301,2442.159,0.000,0.000,0.000,0.000,0.000,0.000,1592.605,2578.986,1577.979,2535.663,1581.278,2542.500,1147.463,2293.934,2374.925,1290.384,2402.960,2286.188,2370.035,0.000,0.000,0.000,0.000,0.000,0.000,1238.098,2421.861,1227.228,2413.804,1224.701,2409.222,2521.757,2655.302,2630.954,2646.698,2521.065,2667.533,0.000,0.000,0.000,0.000,0.000,0.000,1478.698,2715.625,1468.670,2708.785,1476.524,2708.452,2927.754,2984.340,2869.020,2962.457,2930.115,2962.340,0.000,0.000,0.000,0.000,0.000,0.000,1544.383,3020.338,1532.264,3011.847,1534.671,3013.222
56,822.358,1695.712,1727.534,941.780,1791.313,1604.418,1731.710,0.000,0.000,0.000,0.000,0.000,0.000,970.291,1880.668,926.970,1806.722,927.473,1809.141,1712.385,1761.573,972.849,1794.617,1541.699,1717.583,0.000,0.000,0.000,0.000,0.000,0.000,994.798,1893.378,945.934,1819.123,950.740,1826.089,1791.796,1851.427,1096.575,1887.716,1745.259,1854.584,0.000,0.000,0.000,0.000,0.000,0.000,1041.338,2020.447,1009.335,1967.028,1018.024,1982.006,835.490,2120.461,2124.876,937.681,2175.576,2053.703,2129.840,0.000,0.000,0.000,0.000,0.000,0.000,943.664,2197.364,905.698,2177.639,898.684,2150.565,2161.064,2163.842,959.730,2172.026,2079.017,2141.154,0.000,0.000,0.000,0.000,0.000,0.000,1006.872,2248.482,938.624,2186.877,936.528,2178.670,2411.476,2601.527,2354.536,2420.840,2418.330,2420.008,0.000,0.000,0.000,0.000,0.000,0.000,1032.282,2495.892,989.756,2462.656,988.889,2463.187,1145.116,1994.433,2062.167,1355.147,2083.003,1999.333,2073.872,0.000,0.000,0.000,0.000,0.000,0.000,1311.840,2201.267,1304.184,2163.027,1305.799,2163.784,2054.386,2228.386,2114.028,2225.401,2082.358,2225.394,0.000,0.000,0.000,0.000,0.000,0.000,1481.738,2395.778,1475.236,2336.530,1474.660,2342.926,2220.492,2353.415,2258.733,2358.436,2272.455,2357.135,0.000,0.000,0.000,0.000,0.000,0.000,1534.349,2513.397,1533.158,2465.109,1531.783,2469.739,1145.272,2298.522,2371.959,1270.255,2393.600,2293.018,2365.761,0.000,0.000,0.000,0.000,0.000,0.000,1227.933,2408.929,1226.334,2420.591,1226.206,2410.837,2495.674,2665.105,2534.020,2659.009,2545.186,2657.239,0.000,0.000,0.000,0.000,0.000,0.000,1476.637,2711.551,1475.047,2703.786,1477.289,2702.981,2810.492,2876.944,2820.377,2863.148,2752.453,2860.558,0.000,0.000,0.000,0.000,0.000,0.000,1501.158,2919.273,1486.777,2919.250,1482.318,2909.221
58,817.651,1667.674,1724.966,938.064,1784.446,1608.523,1723.339,0.000,0.000,0.000,0.000,0.000,0.000,957.058,1860.095,924.442,1802.715,927.025,1806.757,1663.106,1756.747,963.351,1771.073,1551.107,1700.369,0.000,0.000,0.000,0.000,0.000,0.000,1014.447,1911.644,939.048,1793.782,938.561,1793.244,1819.555,1874.868,1366.064,1877.132,1831.079,1884.489,0.000,0.000,0.000,0.000,0.000,0.000,1044.039,1995.171,1015.698,1978.263,1016.061,1978.267,833.338,2123.522,2128.173,1008.152,2151.653,2058.915,2125.909,0.000,0.000,0.000,0.000,0.000,0.000,926.348,2176.009,900.908,2177.507,899.136,2147.256,2175.413,2178.596,1042.121,2171.677,2098.165,2163.976,0.000,0.000,0.000,0.000,0.000,0.000,983.594,2221.607,941.706,2180.356,941.985,2181.805,2341.693,2554.592,1571.569,2368.081,2356.502,2367.397,0.000,0.000,0.000,0.000,0.000,0.000,1010.038,2442.276,970.975,2396.308,971.371,2398.017,1144.198,2002.216,2061.412,1360.410,2084.056,1989.385,2061.926,0.000,0.000,0.000,0.000,0.000,0.000,1302.275,2183.355,1298.933,2154.504,1304.422,2160.432,2124.914,2217.845,2125.088,2219.072,2084.706,2217.783,0.000,0.000,0.000,0.000,0.000,0.000,1499.208,2367.571,1465.200,2333.188,1478.219,2336.721,2205.261,2277.960,2199.105,2279.717,2202.096,2284.833,0.000,0.000,0.000,0.000,0.000,0.000,1488.545,2427.241,1475.394,2388.451,1486.570,2394.707,1144.431,2274.822,2367.892,1276.585,2393.851,2257.497,2367.510,0.000,0.000,0.000,0.000,0.000,0.000,1227.718,2411.791,1225.281,2411.711,1225.337,2409.521,2495.827,2674.710,2577.027,2673.766,2596.053,2662.332,0.000,0.000,0.000,0.000,0.000,0.000,1494.010,2735.845,1495.953,2726.338,1478.465,2713.765,2724.177,2776.030,2719.818,2765.303,2729.424,2771.643,0.000,0.000,0.000,0.000,0.000,0.000,1444.963,2829.510,1434.213,2813.012,1434.813,2816.232
60,815.730,1675.021,1719.228,936.730,1782.123,1596.952,1719.809,0.000,0.000,0.000,0.000,0.000,0.000,948.580,1843.076,924.646,1802.117,923.451,1799.097,1665.923,1792.722,948.951,1766.717,1459.812,1698.126,0.000,0.000,0.000,0.000,0.000,0.000,989.783,1899.488,935.685,1798.720,941.537,1802.079,1738.031,1807.798,1015.790,1844.230,1715.410,1812.671,0.000,0.000,0.000,0.000,0.000,0.000,1043.327,1990.575,979.600,1913.217,983.793,1910.582,828.169,2103.065,2113.214,1008.083,2143.795,2054.278,2112.350,0.000,0.000,0.000,0.000,0.000,0.000,917.645,2164.878,897.224,2162.457,897.042,2144.932,2175.956,2178.514,979.826,2168.889,2096.083,2131.657,0.000,0.000,0.000,0.000,0.000,0.000,1046.290,2234.873,925.911,2163.872,936.008,2174.554,2278.158,2500.619,1086.362,2309.570,2253.566,2277.536,0.000,0.000,0.000,0.000,0.000,0.000,1011.358,2380.804,944.350,2327.192,947.885,2330.470,1142.486,1972.207,2049.402,1335.000,2071.762,1978.673,2054.333,0.000,0.000,0.000,0.000,0.000,0.000,1305.485,2199.159,1296.190,2145.905,1298.460,2145.957,1990.529,2217.274,2058.329,2212.666,2051.930,2214.127,0.000,0.000,0.000,0.000,0.000,0.000,1470.957,2371.021,1453.382,2323.992,1459.449,2320.656,2148.589,2208.022,2129.178,2214.409,2144.238,2215.782,0.000,0.000,0.000,0.000,0.000,0.000,1453.213,2372.367,1436.048,2330.284,1440.409,2330.300,1144.252,2311.131,2370.198,1252.150,2402.132,2314.744,2365.210,0.000,0.000,0.000,0.000,0.000,0.000,1227.466,2414.633,1225.100,2411.557,1228.736,2411.867,2476.431,2684.274,2531.965,2687.014,2465.755,2695.034,0.000,0.000,0.000,0.000,0.000,0.000,1469.131,2728.705,1455.641,2713.136,1457.916,2714.781,2627.712,2698.489,2539.668,2685.495,2595.095,2672.248,0.000,0.000,0.000,0.000,0.000,0.000,1420.385,2749.158,1389.825,2725.978,1391.583,2728.945
62,813.255,1656.258,1710.136,942.898,1768.664,1582.094,1712.187,0.000,0.000,0.000,0.000,0.000,0.000,965.304,1875.524,925.049,1803.638,924.407,1799.581,1762.250,1898.562,970.336,1779.396,1479.332,1702.338,0.000,0.000,0.000,0.000,0.000,0.000,971.118,1849.819,932.847,1797.739,937.452,1802.578,1663.117,1730.511,968.968,1806.609,1604.578,1741.965,0.000,0.000,0.000,0.000,0.000,0.000,985.355,1902.575,955.422,1851.135,957.056,1854.172,827.463,2102.850,2105.057,920.147,2171.440,2025.974,2111.858,0.000,0.000,0.000,0.000,0.000,0.000,934.624,2183.783,896.055,2161.055,894.346,2139.728,2178.235,2182.086,1066.507,2186.197,2055.535,2163.353,0.000,0.000,0.000,0.000,0.000,0.000,1012.011,2262.855,947.476,2192.310,944.859,2193.886,2223.775,2513.979,984.555,2265.623,2153.494,2226.956,0.000,0.000,0.000,0.000,0.000,0.000,1016.206,2355.580,936.817,2281.089,941.695,2289.267,1146.439,1975.955,2041.511,1321.096,2065.569,1980.427,2042.191,0.000,0.000,0.000,0.000,0.000,0.000,1300.099,2192.390,1292.688,2144.023,1292.226,2138.494,2025.338,2201.336,1956.674,2191.714,1972.983,2189.429,0.000,0.000,0.000,0.000,0.000,0.000,1467.298,2364.165,1441.002,2322.958,1440.062,2314.466,2040.052,2163.401,2058.823,2163.035,2054.870,2159.831,0.000,0.000,0.000,0.000,0.000,0.000,1416.927,2317.697,1396.926,2277.198,1392.899,2266.312,1145.684,2328.023,2373.862,1253.526,2401.222,2298.833,2371.244,0.000,0.000,0.000,0.000,0.000,0.000,1232.542,2419.468,1227.042,2412.627,1229.382,2415.379,2528.070,2715.115,2446.265,2715.944,2526.055,2715.788,0.000,0.000,0.000,0.000,0.000,0.000,1499.881,2776.249,1438.413,2752.527,1438.746,2755.731,2548.167,2632.134,2561.968,2599.611,2527.277,2600.353,0.000,0.000,0.000,0.000,0.000,0.000,1383.520,2671.890,1354.287,2649.707,1354.512,2653.102
64,808.032,1667.242,1703.802,927.941,1764.735,1584.386,1703.663,0.000,0.000,0.000,0.000,0.000,0.000,946.371,1837.187,920.488,1790.891,917.686,1788.924,1940.282,2243.311,1020.405,1787.253,1495.460,1697.830,0.000,0.000,0.000,0.000,0.000,0.000,1115.259,1955.949,966.833,1853.589,944.609,1810.111,1620.023,1680.731,996.346,1771.066,1570.319,1702.222,0.000,0.000,0.000,0.000,0.000,0.000,1075.922,1919.007,936.329,1811.777,937.105,1807.485,821.592,2096.514,2104.393,907.717,2154.032,1983.590,2097.777,0.000,0.000,0.000,0.000,0.000,0.000,947.523,2191.675,886.076,2132.906,883.130,2124.980,2223.467,2227.412,1242.690,2331.181,2151.811,2220.411,0.000,0.000,0.000,0.000,0.000,0.000,1049.919,2345.910,953.552,2269.896,953.858,2278.711,2188.423,2586.496,1016.409,2227.558,2145.357,2200.166,0.000,0.000,0.000,0.000,0.000,0.000,1022.989,2294.127,925.080,2235.074,927.861,2240.711,1143.596,1986.973,2033.530,1327.751,2054.038,1965.713,2035.486,0.000,0.000,0.000,0.000,0.000,0.000,1301.957,2165.310,1294.137,2143.572,1294.694,2141.958,1764.153,2185.493,2043.440,2181.478,1858.469,2192.663,0.000,0.000,0.000,0.000,0.000,0.000,1428.935,2357.145,1446.049,2345.972,1437.432,2328.293,2010.214,2117.064,1975.997,2112.950,2031.996,2121.469,0.000,0.000,0.000,0.000,0.000,0.000,1372.940,2276.444,1364.921,2231.153,1364.759,2229.333,1143.926,2316.985,2368.009,1274.273,2396.471,2281.128,2369.569,0.000,0.000,0.000,0.000,0.000,0.000,1231.868,2417.551,1225.810,2409.214,1224.092,2407.240,2245.438,2700.543,2437.499,2702.758,2366.587,2700.380,0.000,0.000,0.000,0.000,0.000,0.000,1513.728,2800.596,1421.804,2749.899,1422.264,2749.110,2383.171,2576.375,2479.932,2524.420,2397.434,2527.558,0.000,0.000,0.000,0.000,0.000,0.000,1363.789,2591.280,1314.714,2578.044,1344.799,2602.056
66,805.525,1660.245,1695.479,939.620,1759.440,1555.176,1698.760,0.000,0.000,0.000,0.000,0.000,0.000,945.360,1843.690,912.098,1775.657,913.570,1779.845,3105.989,3491.689,1054.496,1860.807,1379.173,1772.331,0.000,0.000,0.000,0.000,0.000,0.000,1005.633,1931.227,999.634,1907.427,1086.137,1921.817,1570.813,1716.766,987.282,1770.469,1405.794,1692.901,0.000,0.000,0.000,0.000,0.000,0.000,983.110,1892.127,945.587,1811.989,989.198,1836.313,814.753,2083.298,2088.246,906.008,2144.568,1992.654,2093.022,0.000,0.000,0.000,0.000,0.000,0.000,918.336,2154.066,886.852,2145.132,883.120,2123.160,2235.087,2240.564,1287.187,2305.637,2209.007,2363.301,0.000,0.000,0.000,0.000,0.000,0.000,1191.498,2408.540,981.683,2322.755,971.441,2324.078,2159.120,2863.411,1161.556,2248.602,2112.874,2218.556,0.000,0.000,0.000,0.000,0.000,0.000,1090.505,2320.922,922.722,2210.805,931.237,2216.255,1143.043,1983.316,2028.536,1322.992,2056.235,1948.436,2029.479,0.000,0.000,0.000,0.000,0.000,0.000,1290.592,2163.433,1288.635,2128.716,1289.327,2132.285,1761.558,2166.268,1924.583,2228.833,1903.819,2170.146,0.000,0.000,0.000,0.000,0.000,0.000,1421.307,2334.978,1456.094,2362.452,1416.493,2318.238,1856.245,2099.005,1604.802,2118.527,1779.338,2082.821,0.000,0.000,0.000,0.000,0.000,0.000,1366.459,2258.818,1365.116,2217.311,1335.821,2205.606,1144.066,2320.325,2368.952,1257.657,2394.373,2284.864,2367.264,0.000,0.000,0.000,0.000,0.000,0.000,1235.390,2411.439,1225.973,2412.567,1224.081,2407.336,2192.277,2657.393,2370.388,2674.946,2049.140,2730.973,0.000,0.000,0.000,0.000,0.000,0.000,1647.269,2797.846,1423.256,2742.817,1424.641,2752.201,2712.328,3005.461,2124.500,2475.297,2345.775,2465.969,0.000,0.000,0.000,0.000,0.000,0.000,1315.120,2552.139,1309.274,2541.881,1282.011,2514.797
68,804.703,5957.655,6201.762,1183.037,1850.541,1312.953,1760.324,0.000,0.000,0.000,0.000,0.000,0.000,1007.168,1960.441,950.225,1836.484,959.837,1839.365,1486.483,1715.495,962.429,1800.838,1506.135,1722.315,0.000,0.000,0.000,0.000,0.000,0.000,1362.423,2115.831,1186.751,2105.022,1209.368,2051.990,1564.494,1701.594,941.108,1796.221,1519.379,1684.569,0.000,0.000,0.000,0.000,0.000,0.000,990.605,1880.803,943.282,1835.118,942.629,1822.876,808.328,2180.081,2208.120,1092.113,2258.164,2190.729,2242.847,0.000,0.000,0.000,0.000,0.000,0.000,1264.124,2427.978,1042.544,2430.347,1166.011,2418.840,2268.485,2295.328,1265.116,2392.703,2092.692,2336.782,0.000,0.000,0.000,0.000,0.000,0.000,1333.190,2406.469,1093.115,2406.053,1085.600,2356.217,2169.554,2312.936,1055.861,2192.050,2082.879,2165.177,0.000,0.000,0.000,0.000,0.000,0.000,1084.816,2300.109,952.502,2244.550,928.558,2213.465,1144.035,1764.075,2225.566,1809.710,2164.346,1651.618,2143.722,0.000,0.000,0.000,0.000,0.000,0.000,1398.660,2343.934,1449.626,2346.480,1439.311,2327.926,1678.806,2151.754,1493.960,2216.452,1763.926,2180.920,0.000,0.000,0.000,0.000,0.000,0.000,1394.987,2303.351,1372.358,2272.532,1330.336,2232.606,1894.733,2087.545,1603.977,2117.347,1886.073,2098.460,0.000,0.000,0.000,0.000,0.000,0.000,1348.062,2249.839,1333.684,2197.743,1344.350,2215.417,1144.386,1801.507,2630.589,1804.459,2651.686,1983.256,2678.720,0.000,0.000,0.000,0.000,0.000,0.000,1391.865,2723.103,1503.844,2811.067,1385.482,2701.288,1865.854,2633.592,2089.499,2638.971,1777.623,2617.971,0.000,0.000,0.000,0.000,0.000,0.000,1374.738,2674.977,1422.551,2778.044,1503.437,2800.720,3133.317,3580.767,2049.576,2535.529,2126.680,2461.987,0.000,0.000,0.000,0.000,0.000,0.000,1465.440,2613.260,1290.419,2522.862,1309.445,2542.459
